{
  "epochs": [
    1,
    2,
    3
  ],
  "generator_loss": [
    0.6955040654828472,
    0.7026759770608717,
    0.7300886233006755
  ],
  "discriminator_loss": [
    0.6932772359540386,
    0.6911907724795803,
    0.672889034594259
  ],
  "real_accuracy": [
    0.5,
    0.75,
    0.875
  ],
  "fake_accuracy": [
    0.4375,
    0.5625,
    0.5625
  ],
  "confusion_matrix": {
    "true_positive": 198,
    "false_negative": 2,
    "false_positive": 100,
    "true_negative": 0
  },
  "test_accuracy": 0.66,
  "test_precision": 0.6644295302013423,
  "test_recall": 0.99,
  "test_f1_score": 0.7951807228915663,
  "fid_score": [
    150,
    148,
    146
  ],
  "inception_score": [
    1.5,
    1.53,
    1.56
  ]
}